Modality	OR	95% CI	P-value	Skewness	CC-ratio IR	CC-ratio P
rna_seq	1.011	[0.966, 1.058]	0.651	13.2	1.087	5.63e-08
cage	1.010	[0.964, 1.058]	0.676	14.1	1.055	3.08e-04
dnase	0.983	[0.942, 1.026]	0.429	7.1	1.028	4.74e-02
chip_histone	1.090	[1.037, 1.145]	7.01e-04	6.3	1.059	4.04e-05

Variable	OR	95% CI	P-value
rna_seq	1.012	[0.940, 1.090]	0.754
cage	0.995	[0.928, 1.068]	0.899
dnase	0.937	[0.890, 0.987]	0.014
chip_histone	1.121	[1.060, 1.185]	6.46e-05

Modality	R5 OR	95% CI	R5 P-value
rna_seq	1.055	[1.010, 1.104]	0.017
cage	1.089	[1.038, 1.143]	5.45e-04
dnase	0.999	[0.955, 1.044]	0.951
chip_histone	1.046	[1.000, 1.093]	0.048
